dl_score_bin,count,percent
0-0.2,4708,2.5378548980922964
0.2-0.4,1746,0.9411840807283665
0.4-0.6,1705,0.9190829654306214
0.6-0.8,2398,1.292645719121777
0.8-1.0,174954,94.30923233662693
