Original_CP,Chosen_Maneuver,Predicted_Post_Maneuver_CP
7.278984962235353e-05,medium_maneuver,1e-06
1.4571731601597408e-05,do_nothing,1.4571731601597408e-05
2.799793135515482e-06,medium_maneuver,1e-06
8.903532162377278e-05,do_nothing,8.903532162377278e-05
5.2551075849119885e-05,medium_maneuver,1e-06
