relative_velocity_t,relative_velocity_n,object2_object_designator,object1_z,collision_max_probability,object2_ct_t,object2_z,relative_speed,object1_cr_r,object1_hbr,object1_area_pc,object2_cr_r,event_id,object1_ct_t,object1_object_designator
0.25092751667842117,0.06602139890254266,0.09055512614222117,0.774539995310972,5.4863799913116525e-05,0.7812543879373157,0.4901937637050523,0.11629259689293858,0.5454062187758494,0.9126127350494002,0.5084299954598724,0.7187962419370245,0.38808008874066346,0.1630826406597583,0.16437982729824308
0.02922609999293979,0.2079038350333725,0.7765075845411543,0.9424445135974944,3.6124442319149815e-05,0.9530580214256007,0.5789369198338147,0.6020221855348354,0.2769929886139463,0.11781038935265564,0.9999939175398131,0.679543828462562,0.5766288919839788,0.3073528459462137,0.4265354334482514
0.3808276219468143,0.09723812024391998,0.3651226678342986,0.6906891569185261,6.64332225299387e-05,0.5220770326351778,0.07065102479437524,0.44909145282393725,0.33262689443830684,0.5474581971350765,0.9877940082311272,0.941897647627412,0.9853675049889454,0.28243515383307016,0.34674219327372313
0.20967696294345228,0.4774153585551659,0.9157802308645947,0.5990663871184955,3.7336269526400814e-05,0.14751070575381775,0.9693080917328581,0.1683330726947353,0.004225141498586882,0.7539421017313649,0.050181879379541106,0.4168972076652625,0.8011577101475543,0.9151271964753985,0.8820610564893319
0.0766349077021522,0.0161261358018171,0.7168572090899467,0.4823209334287941,8.211516881135612e-05,0.745755452200185,0.016492178136514712,0.9691866708191228,0.7630584274148812,0.9194829505765402,0.008723127313763346,0.7994082444483067,0.36185746222561144,0.7836621342916681,0.3601435620495431
